"chapter_id","scene_id","subsection","sequence","record_type","speaker","delivery_mode","text","background","environment","bgm","sfx","time_cue","direction","audio_direction"
"CH06","Scene01","残った結果","1","direction","","","第六章　山荘の過去","assets/images/backgrounds/BG_CH5_KAZUHIKO_OFFICE_DESK_DAY.png","","BGM_CH2_EVERYDAY_UNEASE","","day","章題を表示","BGM_CH2_EVERYDAY_UNEASE.mp3を開始"
"CH06","Scene01","残った結果","2","narration","","","それから数日後。","assets/images/backgrounds/BG_CH5_KAZUHIKO_OFFICE_DESK_DAY.png","","BGM_CH2_EVERYDAY_UNEASE","","day","日中の会社を表示","継続"
"CH06","Scene01","残った結果","3","narration","","","以前の飲み会で、同僚の男性が女性社員への好意を和彦に打ち明けたことがあった。","assets/images/backgrounds/BG_CH5_KAZUHIKO_OFFICE_DESK_DAY.png","","BGM_CH2_EVERYDAY_UNEASE","","day","短い回想へ","継続"
"CH06","Scene01","残った結果","4","dialogue","同僚男性","","「あの人のことが、前から気になってたんです」","assets/images/backgrounds/BG_CH5_KAZUHIKO_OFFICE_DESK_DAY.png","","BGM_CH2_EVERYDAY_UNEASE","","day","過去の会話断片","継続"
"CH06","Scene01","残った結果","5","narration","","","和彦は後日、女性社員へその気持ちをそっと伝えた。","assets/images/backgrounds/BG_CH5_KAZUHIKO_OFFICE_DESK_DAY.png","","BGM_CH2_EVERYDAY_UNEASE","","day","回想を継続","継続"
"CH06","Scene01","残った結果","6","narration","","","二人が交際を始めたと聞いた時、和彦は自分のことのようにほっとした。","assets/images/backgrounds/BG_CH5_KAZUHIKO_OFFICE_DESK_DAY.png","","BGM_CH2_EVERYDAY_UNEASE","","day","回想を終える","継続"
"CH06","Scene01","残った結果","7","narration","","","その同僚が今、人気のない休憩スペースで俯いていた。","assets/images/backgrounds/BG_CH5_KAZUHIKO_OFFICE_DESK_DAY.png","","BGM_CH2_EVERYDAY_UNEASE","","day","現在へ戻す","継続"
"CH06","Scene01","残った結果","8","dialogue","和彦","","「何があった」","assets/images/backgrounds/BG_CH5_KAZUHIKO_OFFICE_DESK_DAY.png","","BGM_CH2_EVERYDAY_UNEASE","","day","声を抑える","継続"
"CH06","Scene01","残った結果","9","dialogue","同僚男性","","「あの上司だよ。彼女にしつこく迫って…交際を迫ったんだ」","assets/images/backgrounds/BG_CH5_KAZUHIKO_OFFICE_DESK_DAY.png","","BGM_CH2_EVERYDAY_UNEASE","","day","怒りを抑えきれない","継続"
"CH06","Scene01","残った結果","10","dialogue","和彦","","「本人から聞いたのか」","assets/images/backgrounds/BG_CH5_KAZUHIKO_OFFICE_DESK_DAY.png","","BGM_CH2_EVERYDAY_UNEASE","","day","断定せず確かめる","継続"
"CH06","Scene01","残った結果","11","dialogue","同僚男性","","「メールも見たけど、あいつ自分が何をしても許されると思ってる」","assets/images/backgrounds/BG_CH5_KAZUHIKO_OFFICE_DESK_DAY.png","","BGM_CH2_EVERYDAY_UNEASE","","day","手を強く握る","継続"
"CH06","Scene01","残った結果","12","dialogue","同僚男性","","「このままだと、俺は何をするか分からない」","assets/images/backgrounds/BG_CH5_KAZUHIKO_OFFICE_DESK_DAY.png","","BGM_CH2_EVERYDAY_UNEASE","","day","危害内容は示さない","継続"
"CH06","Scene01","残った結果","13","dialogue","和彦","","「証拠はあるのか？とりあえず落ち着け。」","assets/images/backgrounds/BG_CH5_KAZUHIKO_OFFICE_DESK_DAY.png","","BGM_CH2_EVERYDAY_UNEASE","","day","はっきり制止する","継続"
"CH06","Scene01","残った結果","14","dialogue","同僚男性","","「じゃあ、黙ってろっていうのか」","assets/images/backgrounds/BG_CH5_KAZUHIKO_OFFICE_DESK_DAY.png","","BGM_CH2_EVERYDAY_UNEASE","","day","和彦を見る","継続"
"CH06","Scene01","残った結果","15","dialogue","和彦","","「そうじゃない。ここは俺に任せてくれないか。」","assets/images/backgrounds/BG_CH5_KAZUHIKO_OFFICE_DESK_DAY.png","","BGM_CH2_EVERYDAY_UNEASE","","day","冷静さを保つ","継続"
"CH06","Scene01","残った結果","16","narration","","","同僚が去った後も、和彦の中には上司への怒りだけが残った。","assets/images/backgrounds/BG_CH5_KAZUHIKO_OFFICE_DESK_DAY.png","","BGM_CH2_EVERYDAY_UNEASE","","day","デスクへ戻す","継続"
"CH06","Scene01","残った結果","17","narration","","","他人には思いとどまれと言えた。自分はまだ冷静だと、和彦は思っていた。","assets/images/backgrounds/BG_CH5_KAZUHIKO_OFFICE_DESK_DAY.png","","BGM_CH2_EVERYDAY_UNEASE","","day","鞄へ視線を移す","継続"
"CH06","Scene01","残った結果","18","narration","","","鞄の中には、古い便箋が入っていた。","assets/images/backgrounds/BG_CH5_KAZUHIKO_OFFICE_DESK_DAY.png","","BGM_CH2_EVERYDAY_UNEASE","","day","鞄を示す","継続"
"CH06","Scene01","残った結果","19","narration","","","午後三時に落ちたボールペンを思い出す。偶然では片づけにくい結果だった。","assets/images/backgrounds/BG_CH5_KAZUHIKO_OFFICE_DESK_DAY.png","","BGM_CH2_EVERYDAY_UNEASE","","day","第五章の結果を短く参照","継続"
"CH06","Scene01","残った結果","20","narration","","","直接手を出さずに、上司のしたことだけを明るみに出せるのではないか。","assets/images/backgrounds/BG_CH5_KAZUHIKO_OFFICE_DESK_DAY.png","","BGM_CH2_EVERYDAY_UNEASE","","day","便箋を取り出す","継続"
"CH06","Scene01","残った結果","21","dialogue","和彦","","「隠してる方が悪いんだ」","assets/images/backgrounds/BG_CH5_KAZUHIKO_OFFICE_DESK_DAY.png","","BGM_CH2_EVERYDAY_UNEASE","","day","自分へ言い聞かせる","継続"
"CH06","Scene01","残った結果","22","narration","","","和彦は周囲に人がいないことを確かめ、便箋の余白へペンを置いた。","assets/images/backgrounds/BG_CH5_KAZUHIKO_OFFICE_DESK_DAY.png","","BGM_CH2_EVERYDAY_UNEASE","","day","手元へ寄る","継続"
"CH06","Scene01","残った結果","23","document","","","上司が女性社員へ送った不適切なメールのやり取りが、社内で明るみに出ている。","assets/images/backgrounds/BG_CH5_KAZUHIKO_OFFICE_DESK_DAY.png","","BGM_CH2_EVERYDAY_UNEASE","","day","加筆内容を独立表示","継続"
"CH06","Scene01","残った結果","24","narration","","","命令ではなく、そうなっている状況を書いた。","assets/images/backgrounds/BG_CH5_KAZUHIKO_OFFICE_DESK_DAY.png","","BGM_CH2_EVERYDAY_UNEASE","","day","文章を残す","継続"
"CH06","Scene01","残った結果","25","narration","","","何も起きない可能性もある。それでも和彦は、便箋を鞄へ戻して手放さなかった。","assets/images/backgrounds/BG_CH5_KAZUHIKO_OFFICE_DESK_DAY.png","","BGM_CH2_EVERYDAY_UNEASE","","day","鞄を閉じる","継続"
"CH06","Scene01","残った結果","26","direction","","","――","assets/images/backgrounds/BG_CH5_KAZUHIKO_OFFICE_DESK_DAY.png","","BGM_CH2_EVERYDAY_UNEASE","","day","短い暗転","BGMをフェードアウト"
"CH06","Scene02","事故の後に残ったもの","1","direction","","","同じ頃・菊池探偵事務所","assets/images/backgrounds/BG_CH3_KIKUCHI_DETECTIVE_OFFICE_INTERIOR_DAY.png","","BGM_CH3_YAMAZOE_REQUEST","","day","時間関係を表示","BGM_CH3_YAMAZOE_REQUEST.mp3を開始"
"CH06","Scene02","事故の後に残ったもの","2","narration","","","机の上には、確認できた事実、聞き取った話、山添の父の推測が分けて置かれていた。","assets/images/backgrounds/BG_CH3_KIKUCHI_DETECTIVE_OFFICE_INTERIOR_DAY.png","","BGM_CH3_YAMAZOE_REQUEST","","day","三つの資料群を示す","継続"
"CH06","Scene02","事故の後に残ったもの","3","narration","","","1988年の事故記録と所有記録を重ねると、当時の山荘所有者が山添の父だったことが分かる。","assets/images/backgrounds/BG_CH3_KIKUCHI_DETECTIVE_OFFICE_INTERIOR_DAY.png","","BGM_CH3_YAMAZOE_REQUEST","","day","年代を照合","継続"
"CH06","Scene02","事故の後に残ったもの","4","dialogue","直人","","「亡くなった二人のうち、一人は山添さんのお父さんの姪です」","assets/images/backgrounds/BG_CH3_KIKUCHI_DETECTIVE_OFFICE_INTERIOR_DAY.png","","BGM_CH3_YAMAZOE_REQUEST","","day","公的記録を示す","継続"
"CH06","Scene02","事故の後に残ったもの","5","dialogue","菊池","","「第三者が関わった痕跡は確認されず、事故として処理されている」","assets/images/backgrounds/BG_CH3_KIKUCHI_DETECTIVE_OFFICE_INTERIOR_DAY.png","","BGM_CH3_YAMAZOE_REQUEST","","day","結論欄を確認","継続"
"CH06","Scene02","事故の後に残ったもの","6","dialogue","山添","","「父が、あの川を気にするようになった理由の一つだと思います」","assets/images/backgrounds/BG_CH3_KIKUCHI_DETECTIVE_OFFICE_INTERIOR_DAY.png","","BGM_CH3_YAMAZOE_REQUEST","","day","記録へ目を落とす","継続"
"CH06","Scene02","事故の後に残ったもの","7","narration","","","山添の父のメモは事故の結論を覆していない。ただ、事故後も川の状態を調べ続けていた。","assets/images/backgrounds/BG_CH3_KIKUCHI_DETECTIVE_OFFICE_INTERIOR_DAY.png","","BGM_CH3_YAMAZOE_REQUEST","","day","手書きメモへ寄る","継続"
"CH06","Scene02","事故の後に残ったもの","8","dialogue","菊池","","「怪異を証明しようとした記録ではありませんね」","assets/images/backgrounds/BG_CH3_KIKUCHI_DETECTIVE_OFFICE_INTERIOR_DAY.png","","BGM_CH3_YAMAZOE_REQUEST","","day","メモを戻す","継続"
"CH06","Scene02","事故の後に残ったもの","9","dialogue","山添","","「父も、何があったのか分からなかったんだと思います」","assets/images/backgrounds/BG_CH3_KIKUCHI_DETECTIVE_OFFICE_INTERIOR_DAY.png","","BGM_CH3_YAMAZOE_REQUEST","","day","静かに答える","継続"
"CH06","Scene02","事故の後に残ったもの","10","narration","","","同じ年の資料束には、公的記録とは紙質の違う雑誌の切り抜きが挟まっていた。","assets/images/backgrounds/BG_CH3_KIKUCHI_DETECTIVE_OFFICE_INTERIOR_DAY.png","","BGM_CH3_YAMAZOE_REQUEST","","day","別資料を取り出す","継続"
"CH06","Scene02","事故の後に残ったもの","11","document","","","DOC_CH6_1988_WHITE_WOMAN_MAGAZINE_FEATURE.png","assets/images/backgrounds/BG_CH3_KIKUCHI_DETECTIVE_OFFICE_INTERIOR_DAY.png","","BGM_CH3_YAMAZOE_REQUEST","","day","1988年ゴシップ雑誌を中央表示","継続"
"CH06","Scene02","事故の後に残ったもの","12","narration","","","記事には、川辺で白い服の女性を見たという複数の話が並んでいた。","assets/images/backgrounds/BG_CH3_KIKUCHI_DETECTIVE_OFFICE_INTERIOR_DAY.png","","BGM_CH3_YAMAZOE_REQUEST","","day","記事全体を読める時間だけ保持","継続"
"CH06","Scene02","事故の後に残ったもの","13","narration","","","若い宿泊客、川釣りの男性、夏休み中の別の利用者。目撃場所は似ていたが、記者自身は女性を確認していない。","assets/images/backgrounds/BG_CH3_KIKUCHI_DETECTIVE_OFFICE_INTERIOR_DAY.png","","BGM_CH3_YAMAZOE_REQUEST","","day","全文は読み上げない","継続"
"CH06","Scene02","事故の後に残ったもの","14","dialogue","直人","","「悲しげな視線……後の記録に出てくる特徴と似ています」","assets/images/backgrounds/BG_CH3_KIKUCHI_DETECTIVE_OFFICE_INTERIOR_DAY.png","","BGM_CH3_YAMAZOE_REQUEST","","day","見出しから本文へ視線を移す","継続"
"CH06","Scene02","事故の後に残ったもの","15","dialogue","菊池","","「似ています。ただ、同じ女性を見た証拠にはならない」","assets/images/backgrounds/BG_CH3_KIKUCHI_DETECTIVE_OFFICE_INTERIOR_DAY.png","","BGM_CH3_YAMAZOE_REQUEST","","day","雑誌と公的記録を離す","継続"
"CH06","Scene02","事故の後に残ったもの","16","dialogue","直人","","「この記事だけで、事故まで疑うのは早いですね」","assets/images/backgrounds/BG_CH3_KIKUCHI_DETECTIVE_OFFICE_INTERIOR_DAY.png","","BGM_CH3_YAMAZOE_REQUEST","","day","二つの資料を見る","継続"
"CH06","Scene02","事故の後に残ったもの","17","dialogue","菊池","","「ええ。確認された事故と、未確認の目撃談は分けて見ます」","assets/images/backgrounds/BG_CH3_KIKUCHI_DETECTIVE_OFFICE_INTERIOR_DAY.png","","BGM_CH3_YAMAZOE_REQUEST","","day","分類を維持","継続"
"CH06","Scene02","事故の後に残ったもの","18","narration","","","山荘は山添の父の死後、一度家の手を離れ、後に山添が買い戻していた。","assets/images/backgrounds/BG_CH3_KIKUCHI_DETECTIVE_OFFICE_INTERIOR_DAY.png","","BGM_CH3_YAMAZOE_REQUEST","","day","所有経緯を短く再確認","継続"
"CH06","Scene02","事故の後に残ったもの","19","dialogue","山添","","「父から直接受け継いだわけではありません。それでも、この資料は残っていました」","assets/images/backgrounds/BG_CH3_KIKUCHI_DETECTIVE_OFFICE_INTERIOR_DAY.png","","BGM_CH3_YAMAZOE_REQUEST","","day","資料束を示す","継続"
"CH06","Scene02","事故の後に残ったもの","20","narration","","","雑誌の目撃地点と、山添の父が事故後に残した河川確認の記録には、同じ川辺が現れていた。","assets/images/backgrounds/BG_CH3_KIKUCHI_DETECTIVE_OFFICE_INTERIOR_DAY.png","","BGM_CH3_YAMAZOE_REQUEST","","day","位置情報を並べる","継続"
"CH06","Scene02","事故の後に残ったもの","21","dialogue","菊池","","「現地で位置関係を見ましょう」","assets/images/backgrounds/BG_CH3_KIKUCHI_DETECTIVE_OFFICE_INTERIOR_DAY.png","","BGM_CH3_YAMAZOE_REQUEST","","day","地図を取る","継続"
"CH06","Scene02","事故の後に残ったもの","22","direction","","","菊池と直人は山荘へ向かう事にした","assets/images/backgrounds/BG_CH3_KIKUCHI_DETECTIVE_OFFICE_INTERIOR_DAY.png","","BGM_CH3_YAMAZOE_REQUEST","","day","短い暗転","BGMをフェードアウト"
"CH06","Scene03","川を見る小屋","1","direction","","","山荘付近の川辺・日中","assets/images/backgrounds/川辺/BG_CH1_RIVERSIDE_FAMILY_DAY.png","ENV_CH1_RIVERSIDE_SUMMER","BGM_CH3_OBSERVATION","","day","川辺へ通常切替。環境音ENV_CH1_RIVERSIDE_SUMMER.mp3を開始","BGM_CH3_OBSERVATION.mp3を開始"
"CH06","Scene03","川を見る小屋","2","narration","","","菊池は雑誌の切り抜きに添えられた簡単な地図と、現在の川辺を見比べた。","assets/images/backgrounds/川辺/BG_CH1_RIVERSIDE_FAMILY_DAY.png","ENV_CH1_RIVERSIDE_SUMMER","BGM_CH3_OBSERVATION","","day","川と山荘の位置を示す","継続"
"CH06","Scene03","川を見る小屋","3","dialogue","菊池","","「目撃場所は、この辺りに集中しています」","assets/images/backgrounds/川辺/BG_CH1_RIVERSIDE_FAMILY_DAY.png","ENV_CH1_RIVERSIDE_SUMMER","BGM_CH3_OBSERVATION","","day","川沿いを示す","継続"
"CH06","Scene03","川を見る小屋","4","dialogue","山添","","「正確な位置までは分かりません。記事も、かなり大まかです」","assets/images/backgrounds/川辺/BG_CH1_RIVERSIDE_FAMILY_DAY.png","ENV_CH1_RIVERSIDE_SUMMER","BGM_CH3_OBSERVATION","","day","地図を見る","継続"
"CH06","Scene03","川を見る小屋","5","narration","","","川から山荘を見上げると、木々の間に建物の一部が見えた。","assets/images/backgrounds/川辺/BG_CH1_RIVERSIDE_FAMILY_DAY.png","ENV_CH1_RIVERSIDE_SUMMER","BGM_CH3_OBSERVATION","","day","山荘との距離を示す","継続"
"CH06","Scene03","川を見る小屋","6","dialogue","直人","","「川から山荘は見える。でも、どの場所からでも同じように見えるわけじゃない」","assets/images/backgrounds/川辺/BG_CH1_RIVERSIDE_FAMILY_DAY.png","ENV_CH1_RIVERSIDE_SUMMER","BGM_CH3_OBSERVATION","","day","視線を動かす","継続"
"CH06","Scene03","川を見る小屋","7","narration","","","直人は川下へ目を向けたまま、返事が一瞬遅れた。","assets/images/backgrounds/川辺/BG_CH1_RIVERSIDE_FAMILY_DAY.png","ENV_CH1_RIVERSIDE_SUMMER","BGM_CH3_OBSERVATION","","day","短い間","継続"
"CH06","Scene03","川を見る小屋","8","dialogue","菊池","","「何か気になりますか」","assets/images/backgrounds/川辺/BG_CH1_RIVERSIDE_FAMILY_DAY.png","ENV_CH1_RIVERSIDE_SUMMER","BGM_CH3_OBSERVATION","","day","直人を見る","継続"
"CH06","Scene03","川を見る小屋","9","dialogue","直人","","「前に、似た造りの場所を見た気がして」","assets/images/backgrounds/川辺/BG_CH1_RIVERSIDE_FAMILY_DAY.png","ENV_CH1_RIVERSIDE_SUMMER","BGM_CH3_OBSERVATION","","day","それ以上は話さない","継続"
"CH06","Scene03","川を見る小屋","10","narration","","","菊池は追及せず、資料に記された小屋へ視線を移した。","assets/images/backgrounds/川辺/BG_CH1_RIVERSIDE_FAMILY_DAY.png","ENV_CH1_RIVERSIDE_SUMMER","BGM_CH3_OBSERVATION","","day","小屋の方向を示す","継続"
"CH06","Scene03","川を見る小屋","11","direction","","","簡易観測小屋","assets/images/backgrounds/BG_CH6_RIVERSIDE_OBSERVATION_HUT_DAY.png","ENV_CH1_RIVERSIDE_SUMMER","BGM_CH3_OBSERVATION","","day","背景を切替","継続"
"CH06","Scene03","川を見る小屋","12","narration","","","小屋の窓からは、水位と川の濁りを確認できた。","assets/images/backgrounds/BG_CH6_RIVERSIDE_OBSERVATION_HUT_DAY.png","ENV_CH1_RIVERSIDE_SUMMER","BGM_CH3_OBSERVATION","","day","室内と川を示す","継続"
"CH06","Scene03","川を見る小屋","13","dialogue","山添","","「事故の後、父が川の状態を見るために設けたそうです」","assets/images/backgrounds/BG_CH6_RIVERSIDE_OBSERVATION_HUT_DAY.png","ENV_CH1_RIVERSIDE_SUMMER","BGM_CH3_OBSERVATION","","day","設備を示す","継続"
"CH06","Scene03","川を見る小屋","14","dialogue","菊池","","「怪異を見張るためではなく、安全確認のためですね」","assets/images/backgrounds/BG_CH6_RIVERSIDE_OBSERVATION_HUT_DAY.png","ENV_CH1_RIVERSIDE_SUMMER","BGM_CH3_OBSERVATION","","day","記録と設備を照合","継続"
"CH06","Scene03","川を見る小屋","15","dialogue","山添","","「はい。増水や濁りを気にしていたと聞いています」","assets/images/backgrounds/BG_CH6_RIVERSIDE_OBSERVATION_HUT_DAY.png","ENV_CH1_RIVERSIDE_SUMMER","BGM_CH3_OBSERVATION","","day","窓の外を見る","継続"
"CH06","Scene03","川を見る小屋","16","narration","","","事故、観測小屋、白い女性の目撃談は、同じ川辺へ集まっていた。","assets/images/backgrounds/BG_CH6_RIVERSIDE_OBSERVATION_HUT_DAY.png","ENV_CH1_RIVERSIDE_SUMMER","BGM_CH3_OBSERVATION","","day","三つの資料を短く重ねる","継続"
"CH06","Scene03","川を見る小屋","17","narration","","","だが、それだけでは互いの因果を示せない。","assets/images/backgrounds/BG_CH6_RIVERSIDE_OBSERVATION_HUT_DAY.png","ENV_CH1_RIVERSIDE_SUMMER","BGM_CH3_OBSERVATION","","day","断定を避ける","継続"
"CH06","Scene03","川を見る小屋","18","dialogue","直人","","「雑誌の記事は1988年です。1996年の話より前になる」","assets/images/backgrounds/BG_CH6_RIVERSIDE_OBSERVATION_HUT_DAY.png","ENV_CH1_RIVERSIDE_SUMMER","BGM_CH3_OBSERVATION","","day","年代へ気づく","継続"
"CH06","Scene03","川を見る小屋","19","dialogue","菊池","","「先に目撃談があったなら、1996年の記録の見方も変わります」","assets/images/backgrounds/BG_CH6_RIVERSIDE_OBSERVATION_HUT_DAY.png","ENV_CH1_RIVERSIDE_SUMMER","BGM_CH3_OBSERVATION","","day","次の資料を示す","継続"
"CH06","Scene03","川を見る小屋","20","direction","","","3人は再び菊池探偵事務所へ戻った。","assets/images/backgrounds/BG_CH6_RIVERSIDE_OBSERVATION_HUT_DAY.png","ENV_CH1_RIVERSIDE_SUMMER","BGM_CH3_OBSERVATION","","day","環境音を停止して短い暗転","BGMをフェードアウト"
"CH06","Scene04","書かれた女","1","direction","","","同日・夕方","assets/images/backgrounds/BG_CH3_KIKUCHI_DETECTIVE_OFFICE_INTERIOR_DAY.png","","BGM_CH3_OBSERVATION","","evening","探偵事務所へ切替。既存夕方表現を適用","BGM_CH3_OBSERVATION.mp3を開始"
"CH06","Scene04","書かれた女","2","narration","","","机には、1996年の宿泊記録、通信ログ、四人の消息を伝える外部記録が並んでいた。","assets/images/backgrounds/BG_CH3_KIKUCHI_DETECTIVE_OFFICE_INTERIOR_DAY.png","","BGM_CH3_OBSERVATION","","evening","三資料を示す","継続"
"CH06","Scene04","書かれた女","3","document","","","DOC_CH4_1996_CURSED_LETTER_BBS_LOG.png","assets/images/backgrounds/BG_CH3_KIKUCHI_DETECTIVE_OFFICE_INTERIOR_DAY.png","","BGM_CH3_OBSERVATION","","evening","保存通信ログを表示","継続"
"CH06","Scene04","書かれた女","4","narration","","","山荘を利用した四人のうち一人が、古い便箋へ悪ふざけで文章を書いたと記録されている。","assets/images/backgrounds/BG_CH3_KIKUCHI_DETECTIVE_OFFICE_INTERIOR_DAY.png","","BGM_CH3_OBSERVATION","","evening","必要箇所だけ示す","継続"
"CH06","Scene04","書かれた女","5","narration","","","内容は、川辺の白い服を着た髪の長い女性に関するものだった。","assets/images/backgrounds/BG_CH3_KIKUCHI_DETECTIVE_OFFICE_INTERIOR_DAY.png","","BGM_CH3_OBSERVATION","","evening","文章の概要に留める","継続"
"CH06","Scene04","書かれた女","6","dialogue","直人","","「翌日、書かれた姿に似た女性を川辺で見た」","assets/images/backgrounds/BG_CH3_KIKUCHI_DETECTIVE_OFFICE_INTERIOR_DAY.png","","BGM_CH3_OBSERVATION","","evening","ログの続きへ視線を移す","継続"
"CH06","Scene04","書かれた女","7","dialogue","菊池","","「誰が書き、誰が見たかは、この記録だけでは絞れません」","assets/images/backgrounds/BG_CH3_KIKUCHI_DETECTIVE_OFFICE_INTERIOR_DAY.png","","BGM_CH3_OBSERVATION","","evening","個人を補わない","継続"
"CH06","Scene04","書かれた女","8","narration","","","一致を気味悪がるやり取りの中に、「呪いの便箋」という言葉が残っていた。","assets/images/backgrounds/BG_CH3_KIKUCHI_DETECTIVE_OFFICE_INTERIOR_DAY.png","","BGM_CH3_OBSERVATION","","evening","呼称を示す","継続"
"CH06","Scene04","書かれた女","9","dialogue","直人","","「少なくとも、この時にはそう呼ばれていた」","assets/images/backgrounds/BG_CH3_KIKUCHI_DETECTIVE_OFFICE_INTERIOR_DAY.png","","BGM_CH3_OBSERVATION","","evening","記録上の事実を確認","継続"
"CH06","Scene04","書かれた女","10","dialogue","菊池","","「ただし、最初に誰が呼んだかまでは分からない」","assets/images/backgrounds/BG_CH3_KIKUCHI_DETECTIVE_OFFICE_INTERIOR_DAY.png","","BGM_CH3_OBSERVATION","","evening","起点を断定しない","継続"
"CH06","Scene04","書かれた女","11","narration","","","山添の父の記録にも、同じ時期に白い女性らしき姿を見たという短い記述があった。","assets/images/backgrounds/BG_CH3_KIKUCHI_DETECTIVE_OFFICE_INTERIOR_DAY.png","","BGM_CH3_OBSERVATION","","evening","父の記録を別に示す","継続"
"CH06","Scene04","書かれた女","12","dialogue","山添","","「父も、見たんですか」","assets/images/backgrounds/BG_CH3_KIKUCHI_DETECTIVE_OFFICE_INTERIOR_DAY.png","","BGM_CH3_OBSERVATION","","evening","記録を見つめる","継続"
"CH06","Scene04","書かれた女","13","dialogue","菊池","","「そう書いてあります。若者の文章が原因だとは書かれていません」","assets/images/backgrounds/BG_CH3_KIKUCHI_DETECTIVE_OFFICE_INTERIOR_DAY.png","","BGM_CH3_OBSERVATION","","evening","因果を切り分ける","継続"
"CH06","Scene04","書かれた女","14","dialogue","直人","","「1988年にも似た目撃談がある。文章が最初とは言えないですね」","assets/images/backgrounds/BG_CH3_KIKUCHI_DETECTIVE_OFFICE_INTERIOR_DAY.png","","BGM_CH3_OBSERVATION","","evening","年代を並べる","継続"
"CH06","Scene04","書かれた女","15","narration","","","1996年の書き込みと目撃は一致していた。だが、白い女性の話は八年前にも存在していた。","assets/images/backgrounds/BG_CH3_KIKUCHI_DETECTIVE_OFFICE_INTERIOR_DAY.png","","BGM_CH3_OBSERVATION","","evening","年代差を表示","継続"
"CH06","Scene04","書かれた女","16","document","","","DOC_CH4_1996_FOUR_MISSING_NEWSPAPER_CLIPPING.png","assets/images/backgrounds/BG_CH3_KIKUCHI_DETECTIVE_OFFICE_INTERIOR_DAY.png","","BGM_CH3_OBSERVATION","","evening","消息不明記事を表示","継続"
"CH06","Scene04","書かれた女","17","narration","","","四人が後に消息不明になったことは確認できる。失踪した日も場所も、この資料だけでは一つに結べない。","assets/images/backgrounds/BG_CH3_KIKUCHI_DETECTIVE_OFFICE_INTERIOR_DAY.png","","BGM_CH3_OBSERVATION","","evening","既知情報を短く確認","継続"
"CH06","Scene04","書かれた女","18","dialogue","菊池","","「直接的な原因ではありませんが、便箋が根拠を示すものとは思えません。」","assets/images/backgrounds/BG_CH3_KIKUCHI_DETECTIVE_OFFICE_INTERIOR_DAY.png","","BGM_CH3_OBSERVATION","","evening","記事を通信ログから離す","継続"
"CH06","Scene04","書かれた女","19","dialogue","山添","","「それでも父は、この後も便箋のことを調べていた」","assets/images/backgrounds/BG_CH3_KIKUCHI_DETECTIVE_OFFICE_INTERIOR_DAY.png","","BGM_CH3_OBSERVATION","","evening","父の資料を見る","継続"
"CH06","Scene04","書かれた女","20","narration","","","1996年の資料の後ろには、さらに古い土地関係の記録が綴じられていた。","assets/images/backgrounds/BG_CH3_KIKUCHI_DETECTIVE_OFFICE_INTERIOR_DAY.png","","BGM_CH3_OBSERVATION","","evening","古い束へ移る","継続"
"CH06","Scene04","書かれた女","21","dialogue","直人","","「日付は、バブル期です」","assets/images/backgrounds/BG_CH3_KIKUCHI_DETECTIVE_OFFICE_INTERIOR_DAY.png","","BGM_CH3_OBSERVATION","","evening","年代を確認","継続"
"CH06","Scene04","書かれた女","22","direction","","","――","assets/images/backgrounds/BG_CH3_KIKUCHI_DETECTIVE_OFFICE_INTERIOR_DAY.png","","BGM_CH3_OBSERVATION","","evening","短い暗転","BGMをフェードアウト"
"CH06","Scene05","戻されたもの","1","direction","","","暴露当日・会社","assets/images/backgrounds/BG_CH5_KAZUHIKO_OFFICE_DESK_DAY.png","","BGM_CH2_EVERYDAY_UNEASE","","day","会社背景へ切替","BGM_CH2_EVERYDAY_UNEASE.mp3を開始"
"CH06","Scene05","戻されたもの","2","narration","","","朝十時を過ぎて、上司はいつものように遅れて出社した。","assets/images/backgrounds/BG_CH5_KAZUHIKO_OFFICE_DESK_DAY.png","","BGM_CH2_EVERYDAY_UNEASE","","day","時計から入口へ視線を移す","継続"
"CH06","Scene05","戻されたもの","3","dialogue","上司","","「おはよう」","assets/images/backgrounds/BG_CH5_KAZUHIKO_OFFICE_DESK_DAY.png","","BGM_CH2_EVERYDAY_UNEASE","","day","女性社員へ普段どおり声をかける","継続"
"CH06","Scene05","戻されたもの","4","narration","","","返事は小さく、近くで交わされていた会話も途切れた。","assets/images/backgrounds/BG_CH5_KAZUHIKO_OFFICE_DESK_DAY.png","","BGM_CH2_EVERYDAY_UNEASE","","day","社内の空気を止める","継続"
"CH06","Scene05","戻されたもの","5","narration","","","上司が歩くたび、冷たい視線だけがその背中を追った。","assets/images/backgrounds/BG_CH5_KAZUHIKO_OFFICE_DESK_DAY.png","","BGM_CH2_EVERYDAY_UNEASE","","day","周囲の人物名は出さない","継続"
"CH06","Scene05","戻されたもの","6","narration","","","理由が分からないまま自席へ着き、上司はメールボックスを開いた。","assets/images/backgrounds/BG_CH5_KAZUHIKO_OFFICE_DESK_DAY.png","","BGM_CH2_EVERYDAY_UNEASE","","day","PC画面は具体化しない","継続"
"CH06","Scene05","戻されたもの","7","narration","","","過去に女性社員へ送ったとされる不適切なやり取りが、社内へ広がっていた。","assets/images/backgrounds/BG_CH5_KAZUHIKO_OFFICE_DESK_DAY.png","","BGM_CH2_EVERYDAY_UNEASE","","day","本文は表示しない","継続"
"CH06","Scene05","戻されたもの","8","narration","","","上司の顔色が変わった。額から浮いた汗が、こめかみを伝って顎へ落ちた。","assets/images/backgrounds/BG_CH5_KAZUHIKO_OFFICE_DESK_DAY.png","","BGM_CH2_EVERYDAY_UNEASE","","day","動揺を状況で示す","継続"
"CH06","Scene05","戻されたもの","9","dialogue","上司","","「これは……誰が」","assets/images/backgrounds/BG_CH5_KAZUHIKO_OFFICE_DESK_DAY.png","","BGM_CH2_EVERYDAY_UNEASE","","day","声が上ずる","継続"
"CH06","Scene05","戻されたもの","10","narration","","","誰も答えなかった。和彦は離れた席から、その姿を見ていた。","assets/images/backgrounds/BG_CH5_KAZUHIKO_OFFICE_DESK_DAY.png","","BGM_CH2_EVERYDAY_UNEASE","","day","和彦へ寄る","継続"
"CH06","Scene05","戻されたもの","11","narration","","","和彦の口元に、わずかな笑みが浮かんだ。","assets/images/backgrounds/BG_CH5_KAZUHIKO_OFFICE_DESK_DAY.png","","BGM_CH2_EVERYDAY_UNEASE","","day","説明台詞を入れない","継続"
"CH06","Scene05","戻されたもの","12","direction","","","数日後・会社","assets/images/backgrounds/BG_CH5_KAZUHIKO_OFFICE_DESK_DAY.png","","BGM_CH2_EVERYDAY_UNEASE","","day","時間経過","継続"
"CH06","Scene05","戻されたもの","13","narration","","","上司の席から、私物が消えていた。","assets/images/backgrounds/BG_CH5_KAZUHIKO_OFFICE_DESK_DAY.png","","BGM_CH2_EVERYDAY_UNEASE","","day","空席を表示","継続"
"CH06","Scene05","戻されたもの","14","narration","","","管理職の名簿からも名前が消え、周囲は空いた席を避けるように通り過ぎた。","assets/images/backgrounds/BG_CH5_KAZUHIKO_OFFICE_DESK_DAY.png","","BGM_CH2_EVERYDAY_UNEASE","","day","詳細な制度説明はしない","継続"
"CH06","Scene05","戻されたもの","15","narration","","","社内規範を乱す重大な行為があったとして、事実上の退職勧告を受けたらしい。誰も詳しくは口にしなかった。","assets/images/backgrounds/BG_CH5_KAZUHIKO_OFFICE_DESK_DAY.png","","BGM_CH2_EVERYDAY_UNEASE","","day","伝聞の範囲に留める","継続"
"CH06","Scene05","戻されたもの","16","narration","","","嫌っていた上司は、本当に会社からいなくなった。","assets/images/backgrounds/BG_CH5_KAZUHIKO_OFFICE_DESK_DAY.png","","BGM_CH2_EVERYDAY_UNEASE","","day","和彦へ視点を戻す","継続"
"CH06","Scene05","戻されたもの","17","narration","","","和彦は鞄の中の便箋を確かめ、また小さく笑った。","assets/images/backgrounds/BG_CH5_KAZUHIKO_OFFICE_DESK_DAY.png","","BGM_CH2_EVERYDAY_UNEASE","","day","不気味な笑み","継続"
"CH06","Scene05","戻されたもの","18","narration","","","それから便箋は、仕事中も移動中も和彦の手元にあった。","assets/images/backgrounds/BG_CH5_KAZUHIKO_OFFICE_DESK_DAY.png","","BGM_CH2_EVERYDAY_UNEASE","","day","携帯の反復を示す","継続"
"CH06","Scene05","戻されたもの","19","narration","","","人を見るたび、次は何を書けるかを考える時間が増えた。","assets/images/backgrounds/BG_CH5_KAZUHIKO_OFFICE_DESK_DAY.png","","BGM_CH2_EVERYDAY_UNEASE","","day","周囲を見る視線の変化","継続"
"CH06","Scene05","戻されたもの","20","narration","","","家では落ち着いて便箋を開けない。そう考えた和彦は、ホテルへ泊まる日を増やしていった。","assets/images/backgrounds/BG_CH5_KAZUHIKO_OFFICE_DESK_DAY.png","","BGM_CH2_EVERYDAY_UNEASE","","day","家庭から離れる流れ","継続"
"CH06","Scene05","戻されたもの","21","direction","","","――","assets/images/backgrounds/BG_CH5_KAZUHIKO_OFFICE_DESK_DAY.png","","BGM_CH2_EVERYDAY_UNEASE","","day","短い暗転","BGMをフェードアウト"
"CH06","Scene06","遠ざかる家族","1","direction","","","数日後・夜","assets/images/backgrounds/BG_CH2_KANAE_HOME_LIVING_DINING_NIGHT.png","","BGM_CH2_QUIET_ANXIETY","","night","かなえ一家の自宅へ切替","BGM_CH2_QUIET_ANXIETY.mp3を開始"
"CH06","Scene06","遠ざかる家族","2","narration","","","和彦の帰宅は、日ごとに遅くなった。","assets/images/backgrounds/BG_CH2_KANAE_HOME_LIVING_DINING_NIGHT.png","","BGM_CH2_QUIET_ANXIETY","","night","玄関側の暗い室内を示す","継続"
"CH06","Scene06","遠ざかる家族","3","narration","","","帰ってきても鞄を手放さず、食卓では何度も返事が遅れた。","assets/images/backgrounds/BG_CH2_KANAE_HOME_LIVING_DINING_NIGHT.png","","BGM_CH2_QUIET_ANXIETY","","night","鞄を和彦の近くに置く","継続"
"CH06","Scene06","遠ざかる家族","4","dialogue","かなこ","","「お父さん、聞いてた？」","assets/images/backgrounds/BG_CH2_KANAE_HOME_LIVING_DINING_NIGHT.png","","BGM_CH2_QUIET_ANXIETY","","night","和彦の顔をのぞく","継続"
"CH06","Scene06","遠ざかる家族","5","dialogue","和彦","","「聞いてるよ」","assets/images/backgrounds/BG_CH2_KANAE_HOME_LIVING_DINING_NIGHT.png","","BGM_CH2_QUIET_ANXIETY","","night","少し遅れて答える","継続"
"CH06","Scene06","遠ざかる家族","6","dialogue","かなこ","","「じゃあ、何の話だった？」","assets/images/backgrounds/BG_CH2_KANAE_HOME_LIVING_DINING_NIGHT.png","","BGM_CH2_QUIET_ANXIETY","","night","素朴に尋ねる","継続"
"CH06","Scene06","遠ざかる家族","7","narration","","","和彦は答えられず、鞄へ視線を落とした。","assets/images/backgrounds/BG_CH2_KANAE_HOME_LIVING_DINING_NIGHT.png","","BGM_CH2_QUIET_ANXIETY","","night","短い沈黙","継続"
"CH06","Scene06","遠ざかる家族","8","dialogue","かなえ","","「最近、ずっとそうだよ」","assets/images/backgrounds/BG_CH2_KANAE_HOME_LIVING_DINING_NIGHT.png","","BGM_CH2_QUIET_ANXIETY","","night","穏やかに切り出す","継続"
"CH06","Scene06","遠ざかる家族","9","dialogue","和彦","","「仕事が忙しいんだ」","assets/images/backgrounds/BG_CH2_KANAE_HOME_LIVING_DINING_NIGHT.png","","BGM_CH2_QUIET_ANXIETY","","night","かなえを見ない","継続"
"CH06","Scene06","遠ざかる家族","10","dialogue","かなえ","","「仕事の話をしてるんじゃない」","assets/images/backgrounds/BG_CH2_KANAE_HOME_LIVING_DINING_NIGHT.png","","BGM_CH2_QUIET_ANXIETY","","night","声を抑える","継続"
"CH06","Scene06","遠ざかる家族","11","dialogue","和彦","","「じゃあ、今は何も聞かないでくれ」","assets/images/backgrounds/BG_CH2_KANAE_HOME_LIVING_DINING_NIGHT.png","","BGM_CH2_QUIET_ANXIETY","","night","強く言った後に目を逸らす","継続"
"CH06","Scene06","遠ざかる家族","12","dialogue","かなこ","","「けんかするの？」","assets/images/backgrounds/BG_CH2_KANAE_HOME_LIVING_DINING_NIGHT.png","","BGM_CH2_QUIET_ANXIETY","","night","二人を見比べる","継続"
"CH06","Scene06","遠ざかる家族","13","dialogue","かなえ","","「しないよ。大丈夫」","assets/images/backgrounds/BG_CH2_KANAE_HOME_LIVING_DINING_NIGHT.png","","BGM_CH2_QUIET_ANXIETY","","night","かなこへ向き直る","継続"
"CH06","Scene06","遠ざかる家族","14","narration","","","大丈夫と言いながら、かなえは和彦の鞄から目を離せなかった。","assets/images/backgrounds/BG_CH2_KANAE_HOME_LIVING_DINING_NIGHT.png","","BGM_CH2_QUIET_ANXIETY","","night","鞄を示す","継続"
"CH06","Scene06","遠ざかる家族","15","direction","","","別の日・夜","assets/images/backgrounds/BG_CH2_KANAE_HOME_LIVING_DINING_NIGHT.png","","BGM_CH2_QUIET_ANXIETY","","night","時間経過","継続"
"CH06","Scene06","遠ざかる家族","16","narration","","","和彦はホテルへ泊まるとだけ連絡し、その夜は帰らなかった。","assets/images/backgrounds/BG_CH2_KANAE_HOME_LIVING_DINING_NIGHT.png","","BGM_CH2_QUIET_ANXIETY","","night","和彦を表示しない","継続"
"CH06","Scene06","遠ざかる家族","17","dialogue","かなこ","","「お父さん、明日は帰ってくる？」","assets/images/backgrounds/BG_CH2_KANAE_HOME_LIVING_DINING_NIGHT.png","","BGM_CH2_QUIET_ANXIETY","","night","玄関を見る","継続"
"CH06","Scene06","遠ざかる家族","18","dialogue","かなえ","","「帰ってくるよ」","assets/images/backgrounds/BG_CH2_KANAE_HOME_LIVING_DINING_NIGHT.png","","BGM_CH2_QUIET_ANXIETY","","night","すぐに答える","継続"
"CH06","Scene06","遠ざかる家族","19","narration","","","そう言い切れる理由を、かなえは持っていなかった。","assets/images/backgrounds/BG_CH2_KANAE_HOME_LIVING_DINING_NIGHT.png","","BGM_CH2_QUIET_ANXIETY","","night","かなえだけを残す","継続"
"CH06","Scene06","遠ざかる家族","20","narration","","","山荘へ行く前の和彦なら、家族への説明もないまま帰らない夜を重ねることはなかった。","assets/images/backgrounds/BG_CH2_KANAE_HOME_LIVING_DINING_NIGHT.png","","BGM_CH2_QUIET_ANXIETY","","night","以前との違いを示す","継続"
"CH06","Scene06","遠ざかる家族","21","narration","","","変わり始めた時期と、和彦が鞄から離さなくなったものは重なっていた。","assets/images/backgrounds/BG_CH2_KANAE_HOME_LIVING_DINING_NIGHT.png","","BGM_CH2_QUIET_ANXIETY","","night","便箋そのものは表示しない","継続"
"CH06","Scene06","遠ざかる家族","22","dialogue","かなえ","","「……あの便箋」","assets/images/backgrounds/BG_CH2_KANAE_HOME_LIVING_DINING_NIGHT.png","","BGM_CH2_QUIET_ANXIETY","","night","一人で口にする","継続"
"CH06","Scene06","遠ざかる家族","23","narration","","","あれを和彦から離さなければならない。かなえは、初めてそう考えた。","assets/images/backgrounds/BG_CH2_KANAE_HOME_LIVING_DINING_NIGHT.png","","BGM_CH2_QUIET_ANXIETY","","night","決意を示す","継続"
"CH06","Scene06","遠ざかる家族","24","narration","","","だが、まだ取り上げる方法も、和彦がどう反応するかも分からなかった。","assets/images/backgrounds/BG_CH2_KANAE_HOME_LIVING_DINING_NIGHT.png","","BGM_CH2_QUIET_ANXIETY","","night","行動には移さない","継続"
"CH06","Scene06","遠ざかる家族","25","direction","","","同じ頃・菊池探偵事務所・夕方","assets/images/backgrounds/BG_CH3_KIKUCHI_DETECTIVE_OFFICE_INTERIOR_DAY.png","","BGM_CH3_YAMAZOE_REQUEST","","evening","家庭側BGMを停止し、山添の父の記録へ切替","BGM_CH2_QUIET_ANXIETY.mp3を停止後、BGM_CH3_YAMAZOE_REQUEST.mp3を開始"
"CH06","Scene06","遠ざかる家族","26","narration","","","バブル期、山添の父は土地所有者とのいざこざに疲れていた。","assets/images/backgrounds/BG_CH3_KIKUCHI_DETECTIVE_OFFICE_INTERIOR_DAY.png","","BGM_CH3_YAMAZOE_REQUEST","","evening","過去記録として提示","継続"
"CH06","Scene06","遠ざかる家族","27","narration","","","机にあった便箋を、気持ちを書き捨てるだけの普通の便箋として使った。","assets/images/backgrounds/BG_CH3_KIKUCHI_DETECTIVE_OFFICE_INTERIOR_DAY.png","","BGM_CH3_YAMAZOE_REQUEST","","evening","便箋の手元を文章で示す","継続"
"CH06","Scene06","遠ざかる家族","28","document","","","あの土地所有者さえいなければいいのに……。","assets/images/backgrounds/BG_CH3_KIKUCHI_DETECTIVE_OFFICE_INTERIOR_DAY.png","","BGM_CH3_YAMAZOE_REQUEST","","evening","軽い愚痴として独立表示","継続"
"CH06","Scene06","遠ざかる家族","29","narration","","","殺意でも、具体的な命令でもなかった。誰にも見せるつもりのない愚痴だった。","assets/images/backgrounds/BG_CH3_KIKUCHI_DETECTIVE_OFFICE_INTERIOR_DAY.png","","BGM_CH3_YAMAZOE_REQUEST","","evening","誤解を避ける","継続"
"CH06","Scene06","遠ざかる家族","30","narration","","","その後、土地所有者は所有権を失い、土地の問題は山添の父に都合よく進んだ。詳しい事情は記録にない。","assets/images/backgrounds/BG_CH3_KIKUCHI_DETECTIVE_OFFICE_INTERIOR_DAY.png","","BGM_CH3_YAMAZOE_REQUEST","","evening","法的経緯は示さない","継続"
"CH06","Scene06","遠ざかる家族","31","narration","","","偶然、自分に都合のよい結果になっただけだ。山添の父は、そう考えようとした。","assets/images/backgrounds/BG_CH3_KIKUCHI_DETECTIVE_OFFICE_INTERIOR_DAY.png","","BGM_CH3_YAMAZOE_REQUEST","","evening","父の記録を示す","継続"
"CH06","Scene06","遠ざかる家族","32","narration","","","それでも、便箋へ書いた言葉との一致が心に残った。","assets/images/backgrounds/BG_CH3_KIKUCHI_DETECTIVE_OFFICE_INTERIOR_DAY.png","","BGM_CH3_YAMAZOE_REQUEST","","evening","短い間","継続"
"CH06","Scene06","遠ざかる家族","33","dialogue","山添","","「この時には、まだ処分していないんですね」","assets/images/backgrounds/BG_CH3_KIKUCHI_DETECTIVE_OFFICE_INTERIOR_DAY.png","","BGM_CH3_YAMAZOE_REQUEST","","evening","年代を見る","継続"
"CH06","Scene06","遠ざかる家族","34","dialogue","菊池","","「気味悪く思いながら、保管しています。怪異だと確信した記録ではありません」","assets/images/backgrounds/BG_CH3_KIKUCHI_DETECTIVE_OFFICE_INTERIOR_DAY.png","","BGM_CH3_YAMAZOE_REQUEST","","evening","バブル期の欄を閉じる","継続"
"CH06","Scene06","遠ざかる家族","35","direction","","","1996年・山添の父の記録","assets/images/backgrounds/BG_CH3_KIKUCHI_DETECTIVE_OFFICE_INTERIOR_DAY.png","","BGM_CH3_YAMAZOE_REQUEST","","evening","1996年の記録へ移る","継続"
"CH06","Scene06","遠ざかる家族","36","narration","","","白い女性の目撃と若者たちの記録を前に、山添の父はバブル期の土地の件を思い出していた。","assets/images/backgrounds/BG_CH3_KIKUCHI_DETECTIVE_OFFICE_INTERIOR_DAY.png","","BGM_CH3_YAMAZOE_REQUEST","","evening","二年代の記録を重ねる","継続"
"CH06","Scene06","遠ざかる家族","37","narration","","","あの時の結果も、この便箋と無関係ではなかったのではないか。過去の違和感が、疑いへ変わった。","assets/images/backgrounds/BG_CH3_KIKUCHI_DETECTIVE_OFFICE_INTERIOR_DAY.png","","BGM_CH3_YAMAZOE_REQUEST","","evening","父の推測として示す","継続"
"CH06","Scene06","遠ざかる家族","38","narration","","","山添の父は、普段使っていた灰皿の中で便箋を燃やした。","assets/images/backgrounds/BG_CH3_KIKUCHI_DETECTIVE_OFFICE_INTERIOR_DAY.png","","BGM_CH3_YAMAZOE_REQUEST","","evening","焼却は文章で表現","継続"
"CH06","Scene06","遠ざかる家族","39","narration","","","火が紙面を走り、便箋が崩れるところまで見届けた。","assets/images/backgrounds/BG_CH3_KIKUCHI_DETECTIVE_OFFICE_INTERIOR_DAY.png","","BGM_CH3_YAMAZOE_REQUEST","","evening","強い怪異演出は使わない","継続"
"CH06","Scene06","遠ざかる家族","40","direction","","","翌朝","assets/images/backgrounds/BG_CH3_KIKUCHI_DETECTIVE_OFFICE_INTERIOR_DAY.png","","BGM_CH3_YAMAZOE_REQUEST","","evening","短い暗転","継続"
"CH06","Scene06","遠ざかる家族","41","narration","","","灰皿には、燃えかすが一片も残っていなかった。","assets/images/backgrounds/BG_CH3_KIKUCHI_DETECTIVE_OFFICE_INTERIOR_DAY.png","","BGM_CH3_YAMAZOE_REQUEST","","evening","空の灰皿を示す","継続"
"CH06","Scene06","遠ざかる家族","42","narration","","","焼いたはずの便箋は、書斎の机の上に戻っていた。","assets/images/backgrounds/BG_CH3_KIKUCHI_DETECTIVE_OFFICE_INTERIOR_DAY.png","","BGM_CH3_YAMAZOE_REQUEST","","evening","便箋を示す","継続"
"CH06","Scene06","遠ざかる家族","43","dialogue","山添","","「父は、これを見て……」","assets/images/backgrounds/BG_CH3_KIKUCHI_DETECTIVE_OFFICE_INTERIOR_DAY.png","","BGM_CH3_YAMAZOE_REQUEST","","evening","記録から目を上げる","継続"
"CH06","Scene06","遠ざかる家族","44","dialogue","菊池","","「初めて、手元に置いてはいけないと考えた」","assets/images/backgrounds/BG_CH3_KIKUCHI_DETECTIVE_OFFICE_INTERIOR_DAY.png","","BGM_CH3_YAMAZOE_REQUEST","","evening","父の記録を必要最小限に読む","継続"
"CH06","Scene06","遠ざかる家族","45","narration","","","山添の父は次のゴミの日に便箋を捨てた。だが、便箋はまた戻った。","assets/images/backgrounds/BG_CH3_KIKUCHI_DETECTIVE_OFFICE_INTERIOR_DAY.png","","BGM_CH3_YAMAZOE_REQUEST","","evening","帰還方法は示さない","継続"
"CH06","Scene06","遠ざかる家族","46","narration","","","どう戻ったのか、記録にはない。処分できなかった事実だけが残されていた。","assets/images/backgrounds/BG_CH3_KIKUCHI_DETECTIVE_OFFICE_INTERIOR_DAY.png","","BGM_CH3_YAMAZOE_REQUEST","","evening","不明点を維持","継続"
"CH06","Scene06","遠ざかる家族","47","narration","","","山添の父は、便箋へ短い文章を書いた。","assets/images/backgrounds/BG_CH3_KIKUCHI_DETECTIVE_OFFICE_INTERIOR_DAY.png","","BGM_CH3_YAMAZOE_REQUEST","","evening","加筆へ寄る","継続"
"CH06","Scene06","遠ざかる家族","48","document","","","俺は処分に困った。この便箋を手放すことにした。","assets/images/backgrounds/BG_CH3_KIKUCHI_DETECTIVE_OFFICE_INTERIOR_DAY.png","","BGM_CH3_YAMAZOE_REQUEST","","evening","父の文章を独立表示","継続"
"CH06","Scene06","遠ざかる家族","49","narration","","","その後、便箋は山荘の引き出しへしまわれた。","assets/images/backgrounds/BG_CH3_KIKUCHI_DETECTIVE_OFFICE_INTERIOR_DAY.png","","BGM_CH3_YAMAZOE_REQUEST","","evening","山荘へ戻した事実だけ示す","継続"
"CH06","Scene06","遠ざかる家族","50","dialogue","山添","","「遺言の意味は、これだったんですね」","assets/images/backgrounds/BG_CH3_KIKUCHI_DETECTIVE_OFFICE_INTERIOR_DAY.png","","BGM_CH3_YAMAZOE_REQUEST","","evening","声を落とす","継続"
"CH06","Scene06","遠ざかる家族","51","dialogue","菊池","","「お父さまは危険を感じていた。ただ、仕組みや対処法まで知っていたわけではありません」","assets/images/backgrounds/BG_CH3_KIKUCHI_DETECTIVE_OFFICE_INTERIOR_DAY.png","","BGM_CH3_YAMAZOE_REQUEST","","evening","理解範囲を分ける","継続"
"CH06","Scene06","遠ざかる家族","52","direction","","","その後・山荘付近の日中","assets/images/backgrounds/山荘/BG_CH1_LODGE_EXTERIOR_SUMMER_DAY.png","","BGM_CH3_OBSERVATION","","day","探偵事務所から山荘外観へ切替","BGM_CH3_YAMAZOE_REQUEST.mp3を停止後、BGM_CH3_OBSERVATION.mp3を開始"
"CH06","Scene06","遠ざかる家族","53","narration","","","菊池と直人は、山添の立ち会いで再び山荘を訪れていた。","assets/images/backgrounds/山荘/BG_CH1_LODGE_EXTERIOR_SUMMER_DAY.png","","BGM_CH3_OBSERVATION","","day","三人を表示","継続"
"CH06","Scene06","遠ざかる家族","54","dialogue","山添","","「宿泊記録は、中で私が確認します」","assets/images/backgrounds/山荘/BG_CH1_LODGE_EXTERIOR_SUMMER_DAY.png","","BGM_CH3_OBSERVATION","","day","山荘へ案内する","継続"
"CH06","Scene06","遠ざかる家族","55","direction","","","山荘内・記録保管場所","assets/images/backgrounds/山荘/BG_CH1_LODGE_LIVING_DAY.webp","","BGM_CH3_OBSERVATION","","day","背景を切替","継続"
"CH06","Scene06","遠ざかる家族","56","narration","","","机には、観測小屋、1988年、1996年、そして1998年の記録が年代順に置かれた。","assets/images/backgrounds/山荘/BG_CH1_LODGE_LIVING_DAY.webp","","BGM_CH3_OBSERVATION","","day","資料を並べる","継続"
"CH06","Scene06","遠ざかる家族","57","document","","","DOC_CH4_1998_RIVERSIDE_NEWSPAPER_ARTICLE.png","assets/images/backgrounds/山荘/BG_CH1_LODGE_LIVING_DAY.webp","","BGM_CH3_OBSERVATION","","day","1998年新聞記事を表示","継続"
"CH06","Scene06","遠ざかる家族","58","narration","","","直人の返事が、一瞬だけ遅れた。","assets/images/backgrounds/山荘/BG_CH1_LODGE_LIVING_DAY.webp","","BGM_CH3_OBSERVATION","","day","視線が記事で止まる","継続"
"CH06","Scene06","遠ざかる家族","59","dialogue","菊池","","「どうしました？直人君」","assets/images/backgrounds/山荘/BG_CH1_LODGE_LIVING_DAY.webp","","BGM_CH3_OBSERVATION","","day","追及せず声をかける","継続"
"CH06","Scene06","遠ざかる家族","60","dialogue","直人","","「・・・。」","assets/images/backgrounds/山荘/BG_CH1_LODGE_LIVING_DAY.webp","","BGM_CH3_OBSERVATION","","day","記事から目を離す","継続"
"CH06","Scene06","遠ざかる家族","61","narration","","","どの記録も、同じ怪異を証明してはいない。ただ、山荘と川辺には似た出来事が何度も残っていた。","assets/images/backgrounds/山荘/BG_CH1_LODGE_LIVING_DAY.webp","","BGM_CH3_OBSERVATION","","day","共通項だけ整理","継続"
"CH06","Scene06","遠ざかる家族","62","dialogue","菊池","","「近年の利用者を確認してください」","assets/images/backgrounds/山荘/BG_CH1_LODGE_LIVING_DAY.webp","","BGM_CH3_OBSERVATION","","day","山添へ依頼する","継続"
"CH06","Scene06","遠ざかる家族","63","narration","","","山添は個人情報を伏せたまま、必要な利用履歴だけを抜き出した。","assets/images/backgrounds/山荘/BG_CH1_LODGE_LIVING_DAY.webp","","BGM_CH3_OBSERVATION","","day","記録を山添自身が確認","継続"
"CH06","Scene06","遠ざかる家族","64","document","","","DOC_CH6_LODGE_GUEST_HISTORY_EXCERPT.png","assets/images/backgrounds/山荘/BG_CH1_LODGE_LIVING_DAY.webp","","BGM_CH3_OBSERVATION","","day","宿泊記録を中央表示","継続"
"CH06","Scene06","遠ざかる家族","65","dialogue","直人","","「同じ人物が毎年利用してますね」","assets/images/backgrounds/山荘/BG_CH1_LODGE_LIVING_DAY.webp","","BGM_CH3_OBSERVATION","","day","複数年度の行を追う","継続"
"CH06","Scene06","遠ざかる家族","66","dialogue","山添","","「ええ。今年も、つい最近まで滞在していました」","assets/images/backgrounds/山荘/BG_CH1_LODGE_LIVING_DAY.webp","","BGM_CH3_OBSERVATION","","day","直近の行を確認","継続"
"CH06","Scene06","遠ざかる家族","67","direction","","","――","assets/images/backgrounds/山荘/BG_CH1_LODGE_LIVING_DAY.webp","","BGM_CH3_OBSERVATION","","day","BGM_CH3_OBSERVATION.mp3を停止し、短い間を置く","BGM停止"
"CH06","Scene06","遠ざかる家族","68","narration","","","単に最近泊まった一家ではない。何年も同じ山荘を利用してきた常連客だった。","assets/images/backgrounds/山荘/BG_CH1_LODGE_LIVING_DAY.webp","","BGM_CH6_CLOSING_IN","","day","記録全体を示す","BGM_CH6_CLOSING_IN.mp3を開始"
"CH06","Scene06","遠ざかる家族","69","dialogue","菊池","","「これだけ長く利用しているなら、山荘の変化や古い便箋について知っている可能性があります」","assets/images/backgrounds/山荘/BG_CH1_LODGE_LIVING_DAY.webp","","BGM_CH6_CLOSING_IN","","day","記録を閉じない","継続"
"CH06","Scene06","遠ざかる家族","70","dialogue","直人","","「便箋を持ってるかはわからないですが、希望は持てますね」","assets/images/backgrounds/山荘/BG_CH1_LODGE_LIVING_DAY.webp","","BGM_CH6_CLOSING_IN","","day","断定を避ける","継続"
"CH06","Scene06","遠ざかる家族","71","dialogue","菊池","","「直人君。私は今からこの一家に会いに行く必要がありそうです」","assets/images/backgrounds/山荘/BG_CH1_LODGE_LIVING_DAY.webp","","BGM_CH6_CLOSING_IN","","day","接触方針を定める","継続"
"CH06","Scene06","遠ざかる家族","72","dialogue","菊池","","「この一家に話を聞きましょう」","assets/images/backgrounds/山荘/BG_CH1_LODGE_LIVING_DAY.webp","","BGM_CH6_CLOSING_IN","","day","宿泊記録を見据える","継続"
"CH06","Scene06","遠ざかる家族","73","dialogue","直人","","「はい」","assets/images/backgrounds/山荘/BG_CH1_LODGE_LIVING_DAY.webp","","BGM_CH6_CLOSING_IN","","day","短く応じる","継続"
"CH06","Scene06","遠ざかる家族","74","direction","","","第六章終了","assets/images/backgrounds/山荘/BG_CH1_LODGE_LIVING_DAY.webp","","BGM_CH6_CLOSING_IN","","day","暗転。第七章へ接続","BGM_CH6_CLOSING_IN.mp3をフェードアウト"
